video_id,title,url
Po3LJEL4Hwo,Every Episode From Hardcore Pawn | Season 1 | Hardcore Pawn,https://www.youtube.com/watch?v=Po3LJEL4Hwo
eRbDl6JxLZU,High-Tech Pawn Purchase Sparks Old-School Clash | Hardcore Pawn | Full Episode | S3 E3,https://www.youtube.com/watch?v=eRbDl6JxLZU
Q_vKR8Ofpac,Every Episode From Hardcore Pawn | Season 6 | Hardcore Pawn,https://www.youtube.com/watch?v=Q_vKR8Ofpac
8_90so4ums4,Every Episode From Hardcore Pawn | Season 7 | Hardcore Pawn,https://www.youtube.com/watch?v=8_90so4ums4
aHdAJI07KCI,Every Episode From Hardcore Pawn | Season 4 | Hardcore Pawn,https://www.youtube.com/watch?v=aHdAJI07KCI
GXv20G0gCos,Every Episode From Hardcore Pawn | Season 5 | Hardcore Pawn,https://www.youtube.com/watch?v=GXv20G0gCos
OwoR6ZA7dIU,Every Episode From Hardcore Pawn | Season 3 | Hardcore Pawn,https://www.youtube.com/watch?v=OwoR6ZA7dIU
XxMIk-tp6E8,Every Episode From Hardcore Pawn | Season 8 | Hardcore Pawn,https://www.youtube.com/watch?v=XxMIk-tp6E8
t4xQX5kgcOU,The Acid Test | Hardcore Pawn | Full Episode | S3 E3,https://www.youtube.com/watch?v=t4xQX5kgcOU
bhtwrIc8Aqo,Gangster Demands Drug Money! | Hardcore Pawn | Full Episode | S4 E8,https://www.youtube.com/watch?v=bhtwrIc8Aqo
bw6oyut_nAI,Every Episode From Hardcore Pawn | Season 9 | Hardcore Pawn,https://www.youtube.com/watch?v=bw6oyut_nAI
GYBACtzSKTU,Every Episode From Hardcore Pawn | Season 2 | Hardcore Pawn,https://www.youtube.com/watch?v=GYBACtzSKTU
1Qtdr9fVpy8,Pawn Shop Civil War! | Hardcore Pawn | Full Episode | S6 E1,https://www.youtube.com/watch?v=1Qtdr9fVpy8
-r72E6kUG9U,Fake-ID Bust and Public Humiliation Shake Family | Hardcore Pawn | Full Episode | S4 E7,https://www.youtube.com/watch?v=-r72E6kUG9U
Ifa5Ramq4E4,Family Feud at Store! | Hardcore Pawn | Season 3 | Episode 3,https://www.youtube.com/watch?v=Ifa5Ramq4E4
g-Nr-DmFsQs,Elvis Record Auction Leaves The Gold's In A Standoff! | Hardcore Pawn | Full Episode | S4 E8,https://www.youtube.com/watch?v=g-Nr-DmFsQs
qEsdTUtdoUY,Customer Brawl Inside The Store! | Hardcore Pawn | Full Episode | S3 E11,https://www.youtube.com/watch?v=qEsdTUtdoUY
q4fI6ibrKLk,Buried Treasure! | Hardcore Pawn,https://www.youtube.com/watch?v=q4fI6ibrKLk
NI_Wql8tges,Les Teaches A Customer A Lesson On Parenting! | Hardcore Pawn | Season 4 | Episode 8,https://www.youtube.com/watch?v=NI_Wql8tges
UJk_n0_j3vw,Sibling Rivalry Boils Over During Heated Collectors Item Deal | Hardcore Pawn | Full Episode | S3 E9,https://www.youtube.com/watch?v=UJk_n0_j3vw
IT5vIimyYto,A What Swing? | Hardcore Pawn | Season 4 | Episode 7,https://www.youtube.com/watch?v=IT5vIimyYto
fYs76QVhNVE,Sucker Punch | Hardcore Pawn | Season 3 | Episode 11,https://www.youtube.com/watch?v=fYs76QVhNVE
uFuDWTM8ZUg,High-Stakes Sales Duel Ignites Explosive Shop Showdown | Hardcore Pawn | Full Episode | S2 E2,https://www.youtube.com/watch?v=uFuDWTM8ZUg
SjeWFZzT01c,Buried Treasure | Hardcore Pawn,https://www.youtube.com/watch?v=SjeWFZzT01c
UoJAEMkdmhg,The Siblings Have A Selling War! | Hardcore Pawn | Season 3 | Episode 9,https://www.youtube.com/watch?v=UoJAEMkdmhg
ZqeL_3MZ8w4,Les Is At His Boiling Point! | Hardcore Pawn | Full Episode | S4 E5,https://www.youtube.com/watch?v=ZqeL_3MZ8w4
HbLmpB_zX8s,New Store Chaos Erupts as Angry Mobs Overwhelm Staff | Hardcore Pawn | Full Episode | S5 E6,https://www.youtube.com/watch?v=HbLmpB_zX8s
SNGkV2e9l9U,Desperate Pawn! | Hardcore Pawn | Full Episode | S2 E4,https://www.youtube.com/watch?v=SNGkV2e9l9U
m77eZAHkNsI,The Big Bet | Hardcore Pawn | Full Episode | S2 E2,https://www.youtube.com/watch?v=m77eZAHkNsI
LHaLwT_4RW0,Jackpot or Just A Heap of Junk? | Hardcore Pawn | Full Episode | S3 E6,https://www.youtube.com/watch?v=LHaLwT_4RW0
LH7O1fCeunI,Seth Vs Ashley (Siblings At War) | Hardcore Pawn | Full Episode | S3 E9,https://www.youtube.com/watch?v=LH7O1fCeunI
ZTjou2nFxTk,Will Les Gold Buy a Taxidermied Cat?! | Hardcore Pawn | Season 4 | Episode 5,https://www.youtube.com/watch?v=ZTjou2nFxTk
HGDwIM-99_8,Mo' Money Mo' Problems... | Hardcore Pawn | Season 5 | Episode 6,https://www.youtube.com/watch?v=HGDwIM-99_8
q4i-CvkAeEQ,Kung Fu Brawl Erupts During Epic Cash-For-Goods Frenzy | Hardcore Pawn | Full Episode | S2 E4,https://www.youtube.com/watch?v=q4i-CvkAeEQ
RWnfZyeMQWM,"Les Gets Duped, and Ashley Uncovers the Ugly Truth | Hardcore Pawn | Full Episode | S6 E10",https://www.youtube.com/watch?v=RWnfZyeMQWM
7XSxGtqokX8,TV Smash-Up and Storage Facility Windfall | Hardcore Pawn | Full Episode | S3 E6,https://www.youtube.com/watch?v=7XSxGtqokX8
Czm6IBAjyRg,The Pawn Shop Is In A CASH CRISIS! | Hardcore Pawn | Full Episode | S5 E9,https://www.youtube.com/watch?v=Czm6IBAjyRg
8-cZTYYZN-E,Vintage Sports Cards Frenzy | Hardcore Pawn | Full Episode | S4 E5,https://www.youtube.com/watch?v=8-cZTYYZN-E
zSS_F5yybXU,Les Gold Has Never Seen Anything Like This! | Hardcore Pawn | Full Episode | S5 E6,https://www.youtube.com/watch?v=zSS_F5yybXU
fu-HxURmNb4,Grandpa is Still Like a Machine! | Hardcore Pawn | Season 2 Episode 4,https://www.youtube.com/watch?v=fu-HxURmNb4
1EPgH96et_A,Les‚Äô Revenge | Hardcore Pawn | Season 3 | Episode 7,https://www.youtube.com/watch?v=1EPgH96et_A
2p6H1ZZOO5s,Dirty Tape | Hardcore Pawn | Season 5 | Episode 9,https://www.youtube.com/watch?v=2p6H1ZZOO5s
-M3DcWA9IBg,The Gambler... | Hardcore Pawn | Full Episode | S2 E6,https://www.youtube.com/watch?v=-M3DcWA9IBg
ZRnBu1I3Dj4,Man Claims He Was Robbed INSIDE The Pawn Shop! | Hardcore Pawn | Full Episode | S5 E8,https://www.youtube.com/watch?v=ZRnBu1I3Dj4
r2-jt0JVgCI,A Dime Turned Dud! | Hardcore Pawn | Season 6 | Episode 10,https://www.youtube.com/watch?v=r2-jt0JVgCI
iWpGFuOeitU,Million Dollar Pawns! | Hardcore Pawn,https://www.youtube.com/watch?v=iWpGFuOeitU
k6Xp1eT8Z3Y,Rolling the Dice on a High-Stakes Pawn Shop Gamble | Hardcore Pawn | Full Episode | S2 E6,https://www.youtube.com/watch?v=k6Xp1eT8Z3Y
uORy2HEhrBQ,Hardcore Pawn Non-Stop Full Episodes! | üî¥ LIVE!,https://www.youtube.com/watch?v=uORy2HEhrBQ
j-BJEsaDrPU,Loan Crisis and Home-Grown Drugs Push Les to the Edge | Hardcore Pawn | Full Episode | S5 E8,https://www.youtube.com/watch?v=j-BJEsaDrPU
XbiDhKNKkK4,Woman Tries To Sell Husband's Collectibles Without Permission | Hardcore Pawn | Season 3 | Episode 6,https://www.youtube.com/watch?v=XbiDhKNKkK4
u6nwHD5115s,Farm-Funded Mayhem as Hillbilly Pawns the Unthinkable | Hardcore Pawn | Full Episode | S6 E5,https://www.youtube.com/watch?v=u6nwHD5115s
P0oITBp9xl4,Cold Blooded Robbery! | Hardcore Pawn | Season 7 | Episode 7,https://www.youtube.com/watch?v=P0oITBp9xl4
UI_zDtdq6Kg,They Sold It the Moment They Bought It! | Hardcore Pawn | Season 2 Episode 6,https://www.youtube.com/watch?v=UI_zDtdq6Kg
dxGVhwUWw6k,Electric Chair Pawn Jolts the Shop... | Hardcore Pawn | Full Episode | S7 E2,https://www.youtube.com/watch?v=dxGVhwUWw6k
CXgIPI5i_cU,The Customers Crazy Romance With His Subwoofer... | Hardcore Pawn | Season 5 | Episode 8,https://www.youtube.com/watch?v=CXgIPI5i_cU
GKZzaFxxBbk,"Lights, Camera, Drama! | Hardcore Pawn | Season 13 | Episode 4",https://www.youtube.com/watch?v=GKZzaFxxBbk
inDwAr4Xupg,Mysterious Pocket Watch | Hardcore Pawn | Season 10 | Episode 9,https://www.youtube.com/watch?v=inDwAr4Xupg
vLoRKEKbPRg,Full Metal Panic | Hardcore Pawn | Season 5 | Episode 8,https://www.youtube.com/watch?v=vLoRKEKbPRg
mQx9AN2r7dE,Les Gets Revenge! | Hardcore Pawn | Full Episode | S3 E7,https://www.youtube.com/watch?v=mQx9AN2r7dE
NUa3y5uYTk0,"NHL MVP Walks In, And Seth Offers Him a Job | Hardcore Pawn | Full Episode | S5 E10",https://www.youtube.com/watch?v=NUa3y5uYTk0
rn3qbMVp2eQ,Pawn Shop Lockdown: Furious Lines and Rusty Tractor Mystery | Hardcore Pawn | Full Episode | S2 E3,https://www.youtube.com/watch?v=rn3qbMVp2eQ
2uE0hld_GtY,Storm Threatens Millions as Les Refuses to Panic | Hardcore Pawn | Full Episode | S5 E11,https://www.youtube.com/watch?v=2uE0hld_GtY
jHCTyZ7afSQ,Rich Makes A Return? | Hardcore Pawn | Season 7 | Episode 1,https://www.youtube.com/watch?v=jHCTyZ7afSQ
ZSMOySdu6Ck,Best Celebrity Pawns Featured On Hardcore Pawn! | Hardcore Pawn,https://www.youtube.com/watch?v=ZSMOySdu6Ck
IuqMd-3wnbM,Customer Brings In Detroit Red Wings Memorabilia | Hardcore Pawn | Season 3 | Episode 7,https://www.youtube.com/watch?v=IuqMd-3wnbM
M-F7IG2o-eg,Ex-NHL Star Gets Hired! | Hardcore Pawn | Season 5 | Episode 10,https://www.youtube.com/watch?v=M-F7IG2o-eg
SnCPwmTL2P8,There's A Storm Brewin'... | Hardcore Pawn | Full Episode | S2 E3,https://www.youtube.com/watch?v=SnCPwmTL2P8
S6I-Cux3sOw,Blackout! | Hardcore Pawn | Season 5 | Episode 11,https://www.youtube.com/watch?v=S6I-Cux3sOw
b5-Yb1Cr1IE,Hot Rob Hunting! | Hardcore Pawn | Season 12 | Episode 9,https://www.youtube.com/watch?v=b5-Yb1Cr1IE
TnRx30w0Xsc,Celebrity Pawns | Hardcore Pawn,https://www.youtube.com/watch?v=TnRx30w0Xsc
6Puvo2BaAXA,Historic Pawns Marathon! | Hardcore Pawn,https://www.youtube.com/watch?v=6Puvo2BaAXA
CAtimbGTKjM,The Storm is Brewing Again! | Hardcore Pawn | Season 2 | Episode 3,https://www.youtube.com/watch?v=CAtimbGTKjM
-9S2WHrpEAs,The Pawn Shop Is In A STATE OF EMERGENCY! | Hardcore Pawn | Full Episode | S5 E11,https://www.youtube.com/watch?v=-9S2WHrpEAs
WVXO6Os_8aw,Hardcore Pawn Funniest Moments Part  6 1080p HD,https://www.youtube.com/watch?v=WVXO6Os_8aw
sriOw2VSVYo,Nothing‚Äôs Worse Than Annoying Kids! | Hardcore Pawn | Season 2 Episode 5,https://www.youtube.com/watch?v=sriOw2VSVYo
T2mmPn_5Bz8,Hardcore Pawn Greatest Moments Part 4 [1080p HD],https://www.youtube.com/watch?v=T2mmPn_5Bz8
GHEQBsazclA,Lawyer Up Son! | Hardcore Pawn | Season 7 | Episode 10,https://www.youtube.com/watch?v=GHEQBsazclA
7WNTCR10Sss,New Hire. Now Fire! | Hardcore Pawn | Full Episode | S4 E10,https://www.youtube.com/watch?v=7WNTCR10Sss
wAv3PY2PoUs,Problematic Customers | Hardcore Pawn | Season 10 | Episode 2,https://www.youtube.com/watch?v=wAv3PY2PoUs
A02BaPcwPTk,Skulls and Scoundrels | Hardcore Pawn | Full Episode | S2 E5,https://www.youtube.com/watch?v=A02BaPcwPTk
Vzrd-hs0MJE,Rich‚Äôs Blunder Sparks Seth‚Äôs Explosive Showdown | Hardcore Pawn | Full Episode | S4 E11,https://www.youtube.com/watch?v=Vzrd-hs0MJE
P34RM4bpnjo,Steroid-Fuelled Man Threatens Seth! | Hardcore Pawn | Full Episode | S4 E10,https://www.youtube.com/watch?v=P34RM4bpnjo
Hj3UZyD4I0o,All In For A Vintage Motor Relic! | Hardcore Pawn | Season 9 | Episode 10,https://www.youtube.com/watch?v=Hj3UZyD4I0o
aas6HiTfNMQ,The Best of Hardcore Pawn Season 5 | Hardcore Pawn,https://www.youtube.com/watch?v=aas6HiTfNMQ
his-c8ySyfo,Counterfeit Watch Scandal Forces Pawn Shop Reputation Battle | Hardcore Pawn | Full Episode | S2 E5,https://www.youtube.com/watch?v=his-c8ySyfo
mMGNpIjYna4,"""Give Me $100 Dollars Or I Ain't Leaving"" | Hardcore Pawn | Season 4 | Episode 11",https://www.youtube.com/watch?v=mMGNpIjYna4
qodxq1TcWEY,Customer Wants To Take The Situation Outside! | Hardcore Pawn | Season 4 | Episode 10,https://www.youtube.com/watch?v=qodxq1TcWEY
0DDNb0ycanU,Hardcore Pawn Greatest Moments Part 2 [1080p HD],https://www.youtube.com/watch?v=0DDNb0ycanU
iGtqY1ZpqpY,Trouble Inside and Outside the Store | Hardcore Pawn | Season 1 | Episode 6,https://www.youtube.com/watch?v=iGtqY1ZpqpY
tiLvfmNLb8Q,Final Straw: Rich‚Äôs Blunder Sparks a 25-Year Fallout | Hardcore Pawn | Full Episode | S6 E13,https://www.youtube.com/watch?v=tiLvfmNLb8Q
0rqKtZPD7Ro,"""Give Me $100 Dollars Or I Ain't Leaving"" | Hardcore Pawn | Season 4 | Episode 11",https://www.youtube.com/watch?v=0rqKtZPD7Ro
nP5GkfNRySc,Crystal Confrontation Ends in a Lifetime Ban | Hardcore Pawn | Full Episode | S5 E4,https://www.youtube.com/watch?v=nP5GkfNRySc
zEEaS68crHo,Fast-Talking Customer Pins Les - Hardcore Pawn Season 7 Episode 6,https://www.youtube.com/watch?v=zEEaS68crHo
MNVDnpBGxr0,This Necklace Caused Tension! | Hardcore Pawn | Season 1 Episode 6,https://www.youtube.com/watch?v=MNVDnpBGxr0
Ce082FyNFH8,One Of The Pawnshops Biggest Sales! | Hardcore Pawn | Season 6 | Episode 3,https://www.youtube.com/watch?v=Ce082FyNFH8
lWMAogL8CJQ,Seth Vs. Rich... | Hardcore Pawn | Full Episode | S4 E11,https://www.youtube.com/watch?v=lWMAogL8CJQ
lBDYkI3o8co,Banned for Life | Hardcore Pawn | Season 5 | Episode 4,https://www.youtube.com/watch?v=lBDYkI3o8co
uXnEZlZLId4,Times Seth Got ATTACKED On Hardcore Pawn!,https://www.youtube.com/watch?v=uXnEZlZLId4
C-SVxbANLX8,Les Goes Rogue with Cash | Hardcore Pawn | Season 7 | Episode 8,https://www.youtube.com/watch?v=C-SVxbANLX8
ND23rykOpw8,Les is Back | Hardcore Pawn | Season 10 | Episode 4,https://www.youtube.com/watch?v=ND23rykOpw8
X8gOZtr7pg8,"Ashley Exposes Seth‚Äôs Mistake, And All Hell Breaks Loose | Hardcore Pawn | Full Episode | S6 E3",https://www.youtube.com/watch?v=X8gOZtr7pg8
4WvctIYBnFU,Back to the Hustle! | Hardcore Pawn | Season 10 | Episode 5,https://www.youtube.com/watch?v=4WvctIYBnFU
hr9aT2FV2Hc,Piercing A Customers Ear In-Store! | Hardcore Pawn | Full Episode | S5 E4,https://www.youtube.com/watch?v=hr9aT2FV2Hc
3u3x9xa4Sco,Craziest Hardcore Pawn Moments Of ALL TIME,https://www.youtube.com/watch?v=3u3x9xa4Sco
3jN_exYmTMs,Les‚Äô Spending Spree! | Hardcore Pawn | Season 7 | Episode 8,https://www.youtube.com/watch?v=3jN_exYmTMs
_8o0qa7kgdg,Dr Death's Original VW Van! | Hardcore Pawn | Season 8 | Episode 11,https://www.youtube.com/watch?v=_8o0qa7kgdg
N_Wh9vanw2k,The Return Of The Queen! | Hardcore Pawn | Season 4 | Episode 2,https://www.youtube.com/watch?v=N_Wh9vanw2k
O4hHDJrqgSE,Suspicious Deal Put the Gold's on Alert! | Hardcore Pawn | Season 10 | Episode 5,https://www.youtube.com/watch?v=O4hHDJrqgSE
aUk-WbN5oHM,Million Dollar Resolve! | Hardcore Pawn | Season 13 | Episode 1,https://www.youtube.com/watch?v=aUk-WbN5oHM
MAG_U9yGuuY,Les Hunts a Thief | Hardcore Pawn | Season 5 | Episode 7,https://www.youtube.com/watch?v=MAG_U9yGuuY
_6jYyhvInKI,Has The Pawn Shop Hired A Stoner? | Hardcore Pawn | Season 11 | Episode 3,https://www.youtube.com/watch?v=_6jYyhvInKI
yibioRVJPiw,Seth has Disappeared from the Store but Where is He? | Hardcore Pawn | Season 10 | Episode 13,https://www.youtube.com/watch?v=yibioRVJPiw
Tu8HDw_bsy8,Broken Necklace Fury & Saddam Documents Shake Pawn Shop | Hardcore Pawn | Full Episode | S4 E2,https://www.youtube.com/watch?v=Tu8HDw_bsy8
vPXEGuljGDA,Les Plays High Roller! | Hardcore Pawn | Season 13 | Episode 2,https://www.youtube.com/watch?v=vPXEGuljGDA
4XTvWIrhkMg,Michigan Appraisers Expose Art Fraud | Hardcore Pawn | Reality TV,https://www.youtube.com/watch?v=4XTvWIrhkMg
BiibTAaSX5s,Break-In Triggers Manhunt | Hardcore Pawn | Full Episode | S5 E7,https://www.youtube.com/watch?v=BiibTAaSX5s
lkkQZVMCvCw,Rat Ride Dirt Track Race Visits The Store! | Hardcore Pawn | Season 8 | Episode 2,https://www.youtube.com/watch?v=lkkQZVMCvCw
RhWqkiYae5U,Doll House For Disneyland Trip! | Hardcore Pawn | Season 2 | Episode 8,https://www.youtube.com/watch?v=RhWqkiYae5U
we-wBtXAlJ0,Return Of The Queen! | Hardcore Pawn | Full Episode | S4 E2,https://www.youtube.com/watch?v=we-wBtXAlJ0
PiyHYowWWys,Time Is Money! | Hardcore Pawn | Season 8 | Episode 10,https://www.youtube.com/watch?v=PiyHYowWWys
AjMIoSxBT0E,A Forklift For How Much??? | Hardcore Pawn | Season 1 | Episode 4,https://www.youtube.com/watch?v=AjMIoSxBT0E
9-DoBHIns8k,A Guitar Signed By Kid Rock Reveals A Valuable Secret... | Hardcore Pawn | Season 5 | Episode 7,https://www.youtube.com/watch?v=9-DoBHIns8k
bW0768h8JJo,An Inside Job In The Pawn Shop Shakes The Gold's! | Hardcore Pawn | Season 12 | Episode 8,https://www.youtube.com/watch?v=bW0768h8JJo
MTjOmQ9mD1o,Cash Kings | Hardcore Pawn | Full Episode | S2 E8,https://www.youtube.com/watch?v=MTjOmQ9mD1o
unxc8e2AGH8,Does The Shop Sell Fake Rolex's! | Hardcore Pawn | Season 12 | Episode 11,https://www.youtube.com/watch?v=unxc8e2AGH8
ARd8kh_TSbQ,Most Disrespectful Customers On Hardcore Pawn,https://www.youtube.com/watch?v=ARd8kh_TSbQ
DJwYEGV5Oj0,She Came to The Shop Before! | Hardcore Pawn | Season 1 Episode 4,https://www.youtube.com/watch?v=DJwYEGV5Oj0
a0YWIfJguj0,Heads Or Tails? | Hardcore Pawn | Season 11 | Episode 12,https://www.youtube.com/watch?v=a0YWIfJguj0
aV-6DnV57Bk,Ashley Vs Tressa FACE OFF! | Hardcore Pawn | Full Episode | S5 E5,https://www.youtube.com/watch?v=aV-6DnV57Bk
4-71G88Ia4Y,Impulse Arcade Purchase Triggers Pawn Shop Mayhem | Hardcore Pawn | Full Episode | S2 E8,https://www.youtube.com/watch?v=4-71G88Ia4Y
cEplHnFMFfU,Karen in the Middle | Hardcore Pawn | Season 12 | Episode 11,https://www.youtube.com/watch?v=cEplHnFMFfU
X43oaBJLmOo,Seth Faces Illegal Gamblers Outside Store! | Hardcore Pawn | Season 8 | Episode 4,https://www.youtube.com/watch?v=X43oaBJLmOo
7q9It-qRGIk,It's Getting Tensed in the Store | Hardcore Pawn | Season 1 | Episode 4,https://www.youtube.com/watch?v=7q9It-qRGIk
N__f0G06Zd4,Hardcore Pawn - Counterfeit Ticket Scene #trutv #hardcorepawn,https://www.youtube.com/watch?v=N__f0G06Zd4
ij8bbtPcbj4,Ashley‚Äôs Nemesis Returns with a Rolex and a Grudge | Hardcore Pawn | Full Episode | S5 E5,https://www.youtube.com/watch?v=ij8bbtPcbj4
naTLI8RqvCg,The Old Staff Came with Gratitude... | Hardcore Pawn | Season 2 Episode 8,https://www.youtube.com/watch?v=naTLI8RqvCg
Rn1BQuULP1o,Hardcore Pawn Greatest Moments Part 3 [1080p HD],https://www.youtube.com/watch?v=Rn1BQuULP1o
CYyRfw4f6oc,Michael Jackson Memorabilia Clash! | Hardcore Pawn | Full Episode | S4 E4,https://www.youtube.com/watch?v=CYyRfw4f6oc
bSmVeEpr7s8,The Family Sales Competition! | Hardcore Pawn | Season 11 | Episode 7,https://www.youtube.com/watch?v=bSmVeEpr7s8
CR6huRbBlBk,Incredibly Rare 1981 Bradley Electric Car Visits The Store! | Hardcore Pawn | Season 12 | Episode 3,https://www.youtube.com/watch?v=CR6huRbBlBk
gdp_X5QVIzs,Rematch: Ashley Vs Tressa! | Hardcore Pawn | Season 5 | Episode 5,https://www.youtube.com/watch?v=gdp_X5QVIzs
4VD2StP70qQ,Most Unusual Pawn Ever | Hardcore Pawn,https://www.youtube.com/watch?v=4VD2StP70qQ
YBEo6k6TSUg,Ashley Returns with a Vengeance and Les Drops the Hammer | Hardcore Pawn | Full Episode | S6 E8,https://www.youtube.com/watch?v=YBEo6k6TSUg
rerAbj4ZeXY,Old Jackson 5 Memorabilia Lights Up Seth! | Hardcore Pawn | Season 4 | Episode 4,https://www.youtube.com/watch?v=rerAbj4ZeXY
upX8KoVS7Hk,Alien Device Sparks Out-of-This-World Pawn Shop Chaos | Hardcore Pawn | Full Episode | S2 E1,https://www.youtube.com/watch?v=upX8KoVS7Hk
UPu_fF-SOK4,Les Gold Catches Employee Stealing! | Hardcore Pawn,https://www.youtube.com/watch?v=UPu_fF-SOK4
eZQLxtWlc30,Hardcore Pawn FUNNIEST Moments Part 1 (HD 1080p),https://www.youtube.com/watch?v=eZQLxtWlc30
bIl8xVOU6Vc,Hardcore Pawn - Argument occurs when a guy tries to sell golf clubs,https://www.youtube.com/watch?v=bIl8xVOU6Vc
sHRjGFTKeOY,A Sibling Squabble! | Hardcore Pawn | Season 6 | Episode 8,https://www.youtube.com/watch?v=sHRjGFTKeOY
5nFS9E9p6hU,Leaving Your Kids In Charge Goes Wrong! | Hardcore Pawn | Full Episode | S4 E4,https://www.youtube.com/watch?v=5nFS9E9p6hU
kpBb6mzRs0w,Is This Customer Really Selling A Bus? | Hardcore Pawn | Season 2 | Episode 1,https://www.youtube.com/watch?v=kpBb6mzRs0w
NijeYCpovrY,Les Gold Catches Employee Stealing! | Hardcore Pawn,https://www.youtube.com/watch?v=NijeYCpovrY
ZyPPP4hOdEs,"Hidden Jewels Found, But Are They Stolen? | Hardcore Pawn | Full Episode | S5 E3",https://www.youtube.com/watch?v=ZyPPP4hOdEs
SoVyZ7zuwJg,Most Expensive Pawns Featured on Hardcore Pawn | Hardcore Pawn,https://www.youtube.com/watch?v=SoVyZ7zuwJg
IjBzJTfw7lA,War on the Floor | Hardcore Pawn | Season 13 | Episode 8,https://www.youtube.com/watch?v=IjBzJTfw7lA
ZpR2yWIUPFw,Secret Spy Camera Pawn Triggers Explosive Dad-Son Rift | Hardcore Pawn | Full Episode | S3 E5,https://www.youtube.com/watch?v=ZpR2yWIUPFw
7eF0iboQR2U,Crazy Cash and Fast Money | Hardcore Pawn | Season 2 | Episode 1,https://www.youtube.com/watch?v=7eF0iboQR2U
GTYEneBGNHc,Trusted Employee Gets Busted! | Hardcore Pawn | Season 9 | Episode 6,https://www.youtube.com/watch?v=GTYEneBGNHc
3S-bnld5aQU,The Golds Hit The Jackpot! | Hardcore Pawn | Full Episode | S5 E3,https://www.youtube.com/watch?v=3S-bnld5aQU
88uhJbwjf9E,Did You Call For A Cab? | Hardcore Pawn | Season 4 | Episode 12,https://www.youtube.com/watch?v=88uhJbwjf9E
kW8GHCU43bw,Buy Baby Buy! | Hardcore Pawn | Season 12 | Episode 5,https://www.youtube.com/watch?v=kW8GHCU43bw
UJYIM5o1yBk,Angry Lady Calls Police On The Pawn Shop! | Hardcore Pawn | Season 3 | Episode 5,https://www.youtube.com/watch?v=UJYIM5o1yBk
WCb8HSE5zxQ,Crazy Cash! | Hardcore Pawn | Full Episode | S2 E1,https://www.youtube.com/watch?v=WCb8HSE5zxQ
ptQceBRxMWQ,The Biggest Family Fights Seen on Hardcore Pawn! | Hardcore Pawn,https://www.youtube.com/watch?v=ptQceBRxMWQ
WEFWzrZBErY,Stolen Gold? | Hardcore Pawn | Season 5 | Episode 3,https://www.youtube.com/watch?v=WEFWzrZBErY
egUliDwUOCs,30th Anniversary Party Sparks Explosive Event Planning Clash | Hardcore Pawn | Full Episode | S4 E12,https://www.youtube.com/watch?v=egUliDwUOCs
YPShugSjfEI,Hardcore Pawn - Tressa Returns #trutv #realityshow #hardcorepawn,https://www.youtube.com/watch?v=YPShugSjfEI
rWXcaDDtcXk,A Family at War! | Hardcore Pawn | Full Episode | S3 E5,https://www.youtube.com/watch?v=rWXcaDDtcXk
kRKRD1Rfgfc,Seth‚Äôs Secret Plan Exposed! | Hardcore Pawn | Full Episode | S5 E13,https://www.youtube.com/watch?v=kRKRD1Rfgfc
jiyWVvAlgzQ,Seth Takes Control | Hardcore Pawn | Season 10 | Episode 3,https://www.youtube.com/watch?v=jiyWVvAlgzQ
oltdkwIV-3g,¬øOro robado? | Hardcore Pawn Esp | Empe√±os a lo bestia | Temporada 5 Episodio 3,https://www.youtube.com/watch?v=oltdkwIV-3g
7ACSLVdC48o,American Jewellery's Big 30th Anniversary! | Hardcore Pawn | Full Episode | S4 E1,https://www.youtube.com/watch?v=7ACSLVdC48o
h9BTJl27_jI,Seth's Big Mistake... | Hardcore Pawn | Season 13 | Episode 11,https://www.youtube.com/watch?v=h9BTJl27_jI
uqAaScwI0SA,Les' Master Plan... | Hardcore Pawn | Full Episode | S5 E12,https://www.youtube.com/watch?v=uqAaScwI0SA
DMTq3PMQxoQ,Customer Gets Smacked In Store! | Hardcore Pawn | Season 7 | Episode 5,https://www.youtube.com/watch?v=DMTq3PMQxoQ
IhRvlIw2zlQ,Les' Way Is The Only Way | Hardcore Pawn | Full Episode | S3 E10,https://www.youtube.com/watch?v=IhRvlIw2zlQ
ng2HHwr5v20,Husband Buys Wife Fake Gold! | Hardcore Pawn | Season 2 | Episode 7,https://www.youtube.com/watch?v=ng2HHwr5v20
nVyNCm2nRdE,Gold War | Hardcore Pawn | Full Episode | S3 E4,https://www.youtube.com/watch?v=nVyNCm2nRdE
dr5fcWzeN1Q,Blackout Fallout Sparks Explosive Father-Son Clash | Hardcore Pawn | Full Episode | S5 E12,https://www.youtube.com/watch?v=dr5fcWzeN1Q
GVlbYRAQjD8,Les Has a New Friend! - Hardcore Pawn Season 7 Episode 11,https://www.youtube.com/watch?v=GVlbYRAQjD8
9apXNddrUpQ,Heart-warming story: Lady Gets Her Items Back! | Hardcore Pawn | Season 3 | Episode 10,https://www.youtube.com/watch?v=9apXNddrUpQ
26bz0Qx63bQ,Hardcore Pawn - Guy tries to sell baseball tickets,https://www.youtube.com/watch?v=26bz0Qx63bQ
ngagpp-1anQ,Les Rehires a Betrayer... | Hardcore Pawn | Full Episode | S7 E4,https://www.youtube.com/watch?v=ngagpp-1anQ
fxcRHx0Z2MA,Scam Artist Learns A Valuable Lesson! | Hardcore Pawn | Full Episode | S4 E3,https://www.youtube.com/watch?v=fxcRHx0Z2MA
dHsw9h05Iis,Father-Son Clash Erupts When Seth Undermines Les in Public | Hardcore Pawn | Full Episode | S3 E10,https://www.youtube.com/watch?v=dHsw9h05Iis
28SH-dHDJFM,Best of Hardcore Pawn Season 7 | Hardcore Pawn,https://www.youtube.com/watch?v=28SH-dHDJFM
mwkaC1OOS0Y,How Much Is A Tug Boat Worth Without A Motor? | Hardcore Pawn | Season 11 | Episode 5,https://www.youtube.com/watch?v=mwkaC1OOS0Y
Yzhy1Gz2RHw,Last-Minute Anniversary Mayhem Ignites Family Showdown | Hardcore Pawn | Full Episode | S4 E13,https://www.youtube.com/watch?v=Yzhy1Gz2RHw
OVa6KQDfSFM,One Of The Rarest Baseball Memorabilia Available! | Hardcore Pawn | Season 7 | Episode 4,https://www.youtube.com/watch?v=OVa6KQDfSFM
XiXOydPbEXM,Fire Bomb! | Hardcore Pawn | Season 4 | Episode 3,https://www.youtube.com/watch?v=XiXOydPbEXM
p-sdhpeSkfw,The Estate Sale | Hardcore Pawn | Season 13 | Episode 6,https://www.youtube.com/watch?v=p-sdhpeSkfw
69-kiL7uYWo,Ashley Taking Advantage of Seth? | Hardcore Pawn | Season 10 | Episode 6,https://www.youtube.com/watch?v=69-kiL7uYWo
H9p-RLxxK28,Gangster Gets DROPPED By Security After STRIKING Ashley | Hardcore Pawn,https://www.youtube.com/watch?v=H9p-RLxxK28
kAgMGvXCEvQ,It's Raining Dollars! | Hardcore Pawn | Season 4 | Episode 13,https://www.youtube.com/watch?v=kAgMGvXCEvQ
s3PrP2NDxwY,Customer Brings In A Genuine Olympic Torch! | Hardcore Pawn | Season 4 | Episode 3,https://www.youtube.com/watch?v=s3PrP2NDxwY
IA6S8oBr2_M,"$20,000 Ring Deadline Pushes the Golds to the Brink | Hardcore Pawn | Full Episode | S6 E4",https://www.youtube.com/watch?v=IA6S8oBr2_M
LS5XJ4kpZ10,Seth Snaps! | Hardcore Pawn | Season 10 | Episode 6,https://www.youtube.com/watch?v=LS5XJ4kpZ10
JenEtiy5XGo,Les' Devastating News... | Hardcore Pawn | Full Episode | S4 E13,https://www.youtube.com/watch?v=JenEtiy5XGo
ksiAeo1rHS8,4 MINUTES AGO! Les Gold Was KNOCKED COLD On Hardcore Pawn,https://www.youtube.com/watch?v=ksiAeo1rHS8
xtJzkkIbEdg,Moments Seth COMPLETELY LOST His Cool on Hardcore Pawn!,https://www.youtube.com/watch?v=xtJzkkIbEdg
fEJXANzAAxM,Seth Takes A Gamble... | Hardcore Pawn | Season 11 | Episode 8,https://www.youtube.com/watch?v=fEJXANzAAxM
97kPYJNIKP0,GANGSTERS On Hardcore Pawn #pawnshop,https://www.youtube.com/watch?v=97kPYJNIKP0
cAmNpU4H0Og,Meet the New Girl... | Hardcore Pawn | Season 12 | Episode 1,https://www.youtube.com/watch?v=cAmNpU4H0Og
2foJPveBa4k,A Blast From The Past! | Hardcore Pawn | Season 5 | Episode 2,https://www.youtube.com/watch?v=2foJPveBa4k
iGJEbiVn5EI,Hardcore Pawn - Ashley vs Brooklyn Woman #funny #trutv #hardcorepawn,https://www.youtube.com/watch?v=iGJEbiVn5EI
ablSWsCrNiQ,Hidden Stockpile Discovered as Ashley Chases Down a Thief | Hardcore Pawn | Full Episode | S6 E7,https://www.youtube.com/watch?v=ablSWsCrNiQ
WYbA6H9fes0,Hardcore Pawn - Two Scammers get Caught #trutv #hardcorepawn #scene,https://www.youtube.com/watch?v=WYbA6H9fes0
enXQ0EiOzfo,Three Ring Circus Part 1 | Hardcore Pawn | Season 13 | Episode 12,https://www.youtube.com/watch?v=enXQ0EiOzfo
kTbYoo56nLo,Is Les Buying A New Pawn Shop? | Hardcore Pawn | Full Episode | S5 E2,https://www.youtube.com/watch?v=kTbYoo56nLo
5gFDgPKxt2A,Best of Hardcore Pawn Season 6 | Hardcore Pawn,https://www.youtube.com/watch?v=5gFDgPKxt2A
6WD42T5pfP8,Hardcore Pawn Stars & Where They Are Now,https://www.youtube.com/watch?v=6WD42T5pfP8
9KeQ3IopAqU,Gambling On A Purchase? | Hardcore Pawn | Season 6 | Episode 7,https://www.youtube.com/watch?v=9KeQ3IopAqU
-_pPi4tPFYc,Is The Family Involved In Fishy Business? | Hardcore Pawn | Season 11 | Episode 2,https://www.youtube.com/watch?v=-_pPi4tPFYc
_4az7OC_x_U,Man Tries To Sell His USED Grills | Hardcore Pawn | Full Episode | S3 E1,https://www.youtube.com/watch?v=_4az7OC_x_U
R7-btuqu7XU,Cousin vs Cousin | Hardcore Pawn | Season 13 | Episode 10,https://www.youtube.com/watch?v=R7-btuqu7XU
J2XWSlJzTaw,Les Didn‚Äôt Want That Reptile! | Hardcore Pawn | Season 1 Episode 1,https://www.youtube.com/watch?v=J2XWSlJzTaw
AwzdH2T_WGE,"Gold Crash, It's Time to Sell | Hardcore Pawn | Season 10 | Episode 10",https://www.youtube.com/watch?v=AwzdH2T_WGE
1h3qtCJ3a7s,A Real-Life Skeleton Visits The Store! | Hardcore Pawn | Season 6 | Episode 2,https://www.youtube.com/watch?v=1h3qtCJ3a7s
FUdhLnKV7YE,Is Seth Making Deals Behind Les Gold's Back? | Hardcore Pawn | Season 11 | Episode 1,https://www.youtube.com/watch?v=FUdhLnKV7YE
V_djMpNBIo0,"A ""$50,000 Dollar Baseball"" Comes Into The Store! | Hardcore Pawn | Season 3 | Episode 1",https://www.youtube.com/watch?v=V_djMpNBIo0
8UaMQ5d33bQ,Les is Determined to make a Profit Today! | Hardcore Pawn | Season 9 | Episode 8,https://www.youtube.com/watch?v=8UaMQ5d33bQ
0JuD0Acj4Io,Inside American Jewellery and Loan | Hardcore Pawn | Full Episode | S1 E1,https://www.youtube.com/watch?v=0JuD0Acj4Io
U0zBW67HVxs,Gold Crash | Hardcore Pawn | Season 10 | Episode 10,https://www.youtube.com/watch?v=U0zBW67HVxs
gYclPgY1Ma0,Security Had Their Hands Full! | Hardcore Pawn,https://www.youtube.com/watch?v=gYclPgY1Ma0
aa8AZQXENY4,Seth‚Äôs Internet Gamble Backfires as Les Demands Blood | Hardcore Pawn | Full Episode | S6 E11,https://www.youtube.com/watch?v=aa8AZQXENY4
U3SCBf2VqLs,Father vs Son Cash Give Away | Hardcore Pawn | Season 1 | Episode 8,https://www.youtube.com/watch?v=U3SCBf2VqLs
hdsAAk74HTw,$2000 For Red Robin Restaurant Props! | Hardcore Pawn | Season 7 | Episode 13,https://www.youtube.com/watch?v=hdsAAk74HTw
zrFfnmssT10,Final Power Struggle Sees Ashley Threaten to Walk Away... | Hardcore Pawn | Full Episode | S3 E13,https://www.youtube.com/watch?v=zrFfnmssT10
jn0b3W4lBtA,Is A Petrol Motor Barstool A Good Buy? | Hardcore Pawn | Season 11 | Episode 4,https://www.youtube.com/watch?v=jn0b3W4lBtA
En5jhL6HERY,You‚Äôre Fired. I Quit! | Hardcore Pawn | Season 6 | Episode 11,https://www.youtube.com/watch?v=En5jhL6HERY
pmeXkHaMTUY,Diamonds are forever | Hardcore Pawn,https://www.youtube.com/watch?v=pmeXkHaMTUY
nxK35qqG7yA,Gambler‚Äôs Paradise | Hardcore Pawn,https://www.youtube.com/watch?v=nxK35qqG7yA
MK0RgZ1f87M,Seth‚Äôs Secret Sale Unravels... - Hardcore Pawn Season 7 Episode 13,https://www.youtube.com/watch?v=MK0RgZ1f87M
3p4_Rx_MSRQ,I Quit! | Hardcore Pawn | Full Episode | S3 E13,https://www.youtube.com/watch?v=3p4_Rx_MSRQ
YN9O_GP2e5g,Best of Hardcore Pawn Season 1 | Hardcore Pawn,https://www.youtube.com/watch?v=YN9O_GP2e5g
Ha8u0om3fi4,Gold Or Fools Gold... | Hardcore Pawn | Season 7 | Episode 9,https://www.youtube.com/watch?v=Ha8u0om3fi4
g4CjQvuXh7Y,Hardcore Pawn - Seth Fires Bobby J #funny #foryou #scene #hardcorepawn #trutv,https://www.youtube.com/watch?v=g4CjQvuXh7Y
k2wovULOlYg,The Outsider... | Hardcore Pawn | Season 10 | Episode 12,https://www.youtube.com/watch?v=k2wovULOlYg
VKUNiExQCOQ,All Employees are Under Suspicion | Hardcore Pawn Season 9 | Episode 1,https://www.youtube.com/watch?v=VKUNiExQCOQ
4Uilmthvw1M,Is Babe Ruth Baseball the Real Deal? | Hardcore Pawn | Season 10 | Episode 8,https://www.youtube.com/watch?v=4Uilmthvw1M
1dXR1C1_PvM,Gold Powder Mystery Sparks Explosive Acid Test | Hardcore Pawn | Full Episode | S7 E9,https://www.youtube.com/watch?v=1dXR1C1_PvM
W5GZNcGDoHw,Real Muhammad Ali Memorabilia Sells For $$$ | Hardcore Pawn | Season 11 | Episode 6,https://www.youtube.com/watch?v=W5GZNcGDoHw
u277CSxcltQ,Polling Stations From The Ages! | Hardcore Pawn | Season 6 | Episode 6,https://www.youtube.com/watch?v=u277CSxcltQ
rHZ6f11RcCs,HardCore Pawn - Man insults Ashley,https://www.youtube.com/watch?v=rHZ6f11RcCs
GfCBisIX3-4,$400 For Minion Costume? | Hardcore Pawn | Season 11 | Episode 9,https://www.youtube.com/watch?v=GfCBisIX3-4
19PrnynyP2A,Best of Season 2  | Hardcore Pawn,https://www.youtube.com/watch?v=19PrnynyP2A
SQmgXxj_rRc,Vintage Hot Rod Deal Ignites Sibling Showdown | Hardcore Pawn | Full Episode | S3 E2,https://www.youtube.com/watch?v=SQmgXxj_rRc
aM29QfzlEy0,The $700 Weighing Scale! | Hardcore Pawn | Season 7 | Episode 3,https://www.youtube.com/watch?v=aM29QfzlEy0
663yWuw4AcY,Siblings At War... Again! | Hardcore Pawn | Full Episode | S4 E6,https://www.youtube.com/watch?v=663yWuw4AcY
Hn5Xd9Gj9aI,Professor Les | Hardcore Pawn | Season 13 | Episode 7,https://www.youtube.com/watch?v=Hn5Xd9Gj9aI
xr-BwhATAVA,Times Ashley Got ATTACKED On Hardcore Pawn!,https://www.youtube.com/watch?v=xr-BwhATAVA
6194eHRwbrA,Sweet Custom Ride Makes Les Hungry-Eyed | Hardcore Pawn | Season 3 | Episode 2,https://www.youtube.com/watch?v=6194eHRwbrA
tr34UEwSdAg,Dangerous Cash & Crazy Customers | Hardcore Pawn | Season 1 | Episode 3,https://www.youtube.com/watch?v=tr34UEwSdAg
h1zNV3z7_e8,10 Beloved Hardcore Pawn Members Who Tragically Passed Away,https://www.youtube.com/watch?v=h1zNV3z7_e8
toQ5hsQRLwI,Ashley‚Äôs Killer Negotiation Skills Ignite Feud... | Hardcore Pawn | Full Episode | S4 E6,https://www.youtube.com/watch?v=toQ5hsQRLwI
XRninsCELXA,Parking Lot Brawl Sparks Maniacal Mother Meltdown | Hardcore Pawn | Full Episode | S3 E12,https://www.youtube.com/watch?v=XRninsCELXA
5k3_wKS9s2g,Has The Pawn Shop Hired A Thief? | Hardcore Pawn | Season 8 | Episode 12,https://www.youtube.com/watch?v=5k3_wKS9s2g
ZD-G7BFUB3w,"Hot Rods, Raging Tempers | Hardcore Pawn | Full Episode | S3 E2",https://www.youtube.com/watch?v=ZD-G7BFUB3w
ZdaIATJ9lAY,Three Ring Circus Part 2! | Hardcore Pawn | Season 13 | Episode 13,https://www.youtube.com/watch?v=ZdaIATJ9lAY
QEsJcd-EIZo,Vintage VW Catches Seth's Eye! | Hardcore Pawn | Season 12 | Episode 2,https://www.youtube.com/watch?v=QEsJcd-EIZo
m2_oolmeb1o,Les Is Threatened With A Trip To The Hospital! | Hardcore Pawn | Season 4 | Episode 6,https://www.youtube.com/watch?v=m2_oolmeb1o
7Tb3DaA17Dw,Melted Gold! | Hardcore Pawn | Full Episode | S3 E12,https://www.youtube.com/watch?v=7Tb3DaA17Dw
Bthc8Ucm2yk,Original 7 Foot Alien Prop! | Hardcore Pawn | Season 4 | Episode 9,https://www.youtube.com/watch?v=Bthc8Ucm2yk
eUmU6CcVY1s,A Day Full of Fights with Customers! | Hardcore Pawn,https://www.youtube.com/watch?v=eUmU6CcVY1s
Q7mx3Sbdmj4,How Much Are WWII Binoculars Signed By Leo Spitz Worth? | Hardcore Pawn | Season 11 | Episode 11,https://www.youtube.com/watch?v=Q7mx3Sbdmj4
BVbptAwIxmM,Cousin Competition! | Hardcore Pawn | Season 12 | Episode 2,https://www.youtube.com/watch?v=BVbptAwIxmM
d1WgRPf29fA,Les Big Gamble | Hardcore Pawn | Season 1 | Episode 9,https://www.youtube.com/watch?v=d1WgRPf29fA
JydXbTkVb1c,Computer Crash | Hardcore Pawn | Season 10 | Episode 7,https://www.youtube.com/watch?v=JydXbTkVb1c
6mF5MQH-aTg,Ashley Vs Rich! | Hardcore Pawn | Full Episode | S4 E9,https://www.youtube.com/watch?v=6mF5MQH-aTg
PeEazH82GOI,"$30,000 Dollars For What!? | Hardcore Pawn | Season 8 | Episode 5",https://www.youtube.com/watch?v=PeEazH82GOI
o2OjjHrXQMo,Moving Targets with the Golds | Hardcore Pawn | Season 1 | Episode 7,https://www.youtube.com/watch?v=o2OjjHrXQMo
zAjLSCYWFZw,Seth Has His Eyes On A Guitar! | Hardcore Pawn | Season 11 | Episode 10,https://www.youtube.com/watch?v=zAjLSCYWFZw
GRERHR5sqZc,Where Do Customers Even Find These? | Hardcore Pawn | Season 1 Episode 9,https://www.youtube.com/watch?v=GRERHR5sqZc
EGRvKZP5V10,Computer Crash | Hardcore Pawn | Season 10 | Episode 7,https://www.youtube.com/watch?v=EGRvKZP5V10
7jigVYSDs3U,Les Sells Out! | Hardcore Pawn | Season 9 | Episode 9,https://www.youtube.com/watch?v=7jigVYSDs3U
MzU5i36ynEY,This Uncle is Completely Nuts! | Hardcore Pawn | Season 3 Episode 1,https://www.youtube.com/watch?v=MzU5i36ynEY
QQcKTz9XBPk,His Fourth Mistake! | Hardcore Pawn | Season 1 Episode 7,https://www.youtube.com/watch?v=QQcKTz9XBPk
2h0b1-dYSYI,You Have to Be Ready for Anything | Hardcore Pawn | Season 1 Episode 5,https://www.youtube.com/watch?v=2h0b1-dYSYI
85zToHVq_c4,Man Attempts To Pawn His Glass Eye! | Hardcore Pawn | Full Episode | S5 E1,https://www.youtube.com/watch?v=85zToHVq_c4
18nBLEQPrM8,Family Debates a Legendary Mustang Investment| Hardcore Pawn | Full Episode | S4 E1,https://www.youtube.com/watch?v=18nBLEQPrM8
L-Cg85xR8rk,The Gold's are at Gunpoint | Hardcore Pawn | Season 1 | Episode 10,https://www.youtube.com/watch?v=L-Cg85xR8rk
5GgkN49_djE,CRIMINALS ARRESTED on Hardcore Pawn,https://www.youtube.com/watch?v=5GgkN49_djE
1oJpvF0xXXg,Chaotic Customers | Hardcore Pawn,https://www.youtube.com/watch?v=1oJpvF0xXXg
UhweAKHBsT8,Almost Got Into a Fistfight! | Hardcore Pawn,https://www.youtube.com/watch?v=UhweAKHBsT8
ewZURjP4AGs,He Found Her Cute! | Hardcore Pawn,https://www.youtube.com/watch?v=ewZURjP4AGs
1UkznZ_baao,Is Business Booming Since Ashley's Exit? | Hardcore Pawn | Full Episode | S4 E1,https://www.youtube.com/watch?v=1UkznZ_baao
p0kkj0R-8Go,Speaker Blew Up‚Ä¶ He Lied! | Hardcore Pawn | Season 1 Episode 10,https://www.youtube.com/watch?v=p0kkj0R-8Go
Izho26s6zJY,Hardcore Pawn S08E17 Gold vs. Gold,https://www.youtube.com/watch?v=Izho26s6zJY
p1mOqsMh2E0,1963 Vintage New York Cop In Pristine Condition! | Hardcore Pawn | Season 8 | Episode 13,https://www.youtube.com/watch?v=p1mOqsMh2E0
iIhr0f6FBMA,A Devil In Store! | Hardcore Pawn | Season 6 | Episode 9,https://www.youtube.com/watch?v=iIhr0f6FBMA
NiACHxEHXCw,Les got Scammed over a Watch Deal? | Hardcore Pawn | Season 9 | Episode 7,https://www.youtube.com/watch?v=NiACHxEHXCw
z0nKKDytNMc,Customer Brings A Super RARE lacocca Mustang | Hardcore Pawn | Season 4 | Episode 1,https://www.youtube.com/watch?v=z0nKKDytNMc
D6Eohy5gIww,Deals Gone WRONG (Angry Sellers Lose Their Cool) *Mega Compilation* | Pawn Stars,https://www.youtube.com/watch?v=D6Eohy5gIww
cZBNIWe1e7E,Not Your Usual Sales Pitcher... | Hardcore Pawn | Season 12 | Episode 7,https://www.youtube.com/watch?v=cZBNIWe1e7E
Zx1gWWFcd5o,Are Employee's Taking Bribes? | Hardcore Pawn | Season 9 | Episode 4,https://www.youtube.com/watch?v=Zx1gWWFcd5o
KuaQPIQLvoQ,Checking out the Working Out Equipments! | Hardcore Pawn | Season 2 Episode 7,https://www.youtube.com/watch?v=KuaQPIQLvoQ
vOSVoS_GgEQ,Buying Art Worth Over 1 Million Dollars! | Hardcore Pawn | Season 12 | Episode 12,https://www.youtube.com/watch?v=vOSVoS_GgEQ
DENZncAjJ7s,Did Seth go too far? | Hardcore Pawn | Season 9 | Episode 3,https://www.youtube.com/watch?v=DENZncAjJ7s
jwNtfBpdDgs,The Store Runs Out of CASH! | Hardcore Pawn,https://www.youtube.com/watch?v=jwNtfBpdDgs
uMrEuzllumU,Hardcore Pawn 5 Super Rare Illegal Items,https://www.youtube.com/watch?v=uMrEuzllumU
Hq0iEmSMNGg,Luxury Watch: Real or Fake? | Hardcore Pawn | Season 10 | Episode 11,https://www.youtube.com/watch?v=Hq0iEmSMNGg
ylfbbNop8P0,"""It look like these microphones are stolen"" | Hardcore Pawn | Season 7",https://www.youtube.com/watch?v=ylfbbNop8P0
yj__M06mANo,Million Dollar Deal Part 1 | Hardcore Pawn | Season 12 | Episode 12,https://www.youtube.com/watch?v=yj__M06mANo
LkeFtv_QyU4,ILLEGAL Items Rick CAN'T HAVE! | Pawn Stars,https://www.youtube.com/watch?v=LkeFtv_QyU4
wnTEh-_EeFE,These Sellers Are Offered WAY MORE Than Expected | Pawn Stars | History,https://www.youtube.com/watch?v=wnTEh-_EeFE
n4Yv4PyNeyU,Les Goes Down! | Hardcore Pawn | Season 9 | Episode 13,https://www.youtube.com/watch?v=n4Yv4PyNeyU
ycEreKmcVy8,Closing The Deal Of The Century! | Hardcore Pawn | Season 12 | Episode 13,https://www.youtube.com/watch?v=ycEreKmcVy8
F-kAB_DMaBQ,TOP 5 MILLION DOLLAR DEALS | Pawn Stars,https://www.youtube.com/watch?v=F-kAB_DMaBQ
-bvNyteOqew,Million Dollar Deal Part 2 | Hardcore Pawn | Season 12 | Episode 13,https://www.youtube.com/watch?v=-bvNyteOqew
0tKj727Rwvg,10  Beloved Pawn Stars Members Who Tragically Passed Away,https://www.youtube.com/watch?v=0tKj727Rwvg
3lfqkGvfeLw,"$100,000 Asking Price for WHAT?! Top 7 Pricey Sales | Pawn Stars",https://www.youtube.com/watch?v=3lfqkGvfeLw
n_p0gNcnRoQ,Customer Refuses To Leave And TURNS THE STORE UPSIDE DOWN | Hardcore Pawn,https://www.youtube.com/watch?v=n_p0gNcnRoQ
LocwNoFRSLg,Times Ashley Got HUMILIATED In Front Of Everyone On Hardcore Pawn!,https://www.youtube.com/watch?v=LocwNoFRSLg
yQUqUBE4ggk,Most OUTRAGEOUS Demands Customers Ever Made | Hardcore Pawn,https://www.youtube.com/watch?v=yQUqUBE4ggk
0HXvdelZS40,Hardcore Pawn Stars & Where They Are Now,https://www.youtube.com/watch?v=0HXvdelZS40
41i8dyNWN9M,Times Les Got ATTACKED On Hardcore Pawn!,https://www.youtube.com/watch?v=41i8dyNWN9M
4JHQr_PtugU,Customer‚Äôs CRAZY Pawn Story Turns Into A Full‚ÄëBlown Brawl | Hard Core Pawn,https://www.youtube.com/watch?v=4JHQr_PtugU
CzN7QmKfkLs,Customer Goes BALLISTIC When Ashley Laughs At His Price | Hardcore Pawn,https://www.youtube.com/watch?v=CzN7QmKfkLs
c34Ipe_ZqyY,Rolex OP Tiffany Blue Demand and Spencer's Hardcore Pawn (His-Story),https://www.youtube.com/watch?v=c34Ipe_ZqyY
cH_un405BNg,üî¥ Haunted Stories LIVE! | Paranormal Nightshift!,https://www.youtube.com/watch?v=cH_un405BNg
ivynLfR2mT8,Les Gold Non Perdona La Bugia! CAOS IN NEGOZIO | Hardcore Pawn Doppiaggio ITA | Il Banco Dei Pugni,https://www.youtube.com/watch?v=ivynLfR2mT8
41BslBZCn3g,The Traitors Official Podcast | Episode 5: Turret Cold War,https://www.youtube.com/watch?v=41BslBZCn3g
sfXOvevBbcg,"Fallout New Vegas Hardcore, Unique Weapon Collect-a-thon Ep.5",https://www.youtube.com/watch?v=sfXOvevBbcg
pbAcIBoj8Zk,2 MINUTES AGO: Ashley Gold BEAT The FU*K Out Of Les Gold,https://www.youtube.com/watch?v=pbAcIBoj8Zk
mgDdP9TqSsU,„ÄêMulti Sub„ÄëShe Cured & Tamed the Hell's King with a Needle!,https://www.youtube.com/watch?v=mgDdP9TqSsU
A8jAL30VH6g,Free 'That Watch Guy London',https://www.youtube.com/watch?v=A8jAL30VH6g
Awns3iMbkUg,Roman Reigns SMASHES CM Punk in EPIC Confrontation,https://www.youtube.com/watch?v=Awns3iMbkUg
-ZZ8thLQ_Mk,„ÄêÂÖ®ÈõÜFULL„Äë„ÄäÊ≠¶ÈÅìÈÄöÁ•ûÊàëËÉΩÊó†Èôê‰∏âÈÄâ‰∏Ä„Äã| ENG SUB | #ËñÑËç∑Âê¨‰π¶ #cdrama #latest #ÁÉ≠Èó®Áü≠Ââß #ÈÉΩÂ∏Ç #ÈáçÁîü #ÈÄÜË¢≠ #Áé∞‰ª£ #ÁîúÂÆ†,https://www.youtube.com/watch?v=-ZZ8thLQ_Mk
oagFBKljiHw,Rolex Shock Swap Shop Spencer this week is once again joined byJonilda and producer Gavin Alexander.,https://www.youtube.com/watch?v=oagFBKljiHw
A01sJ3UEBDM,Auction Time!,https://www.youtube.com/watch?v=A01sJ3UEBDM
BzOIfWd00vc,"End Of Show Live Youtube stars Roman Sharf, Nico Leonard,Oisin O'malley, Eric Rivera, Adrian Barker",https://www.youtube.com/watch?v=BzOIfWd00vc
ajwNu8V0ai0,"Interview with That Watch Guy London, one of the largest independent watch dealers in the UK",https://www.youtube.com/watch?v=ajwNu8V0ai0
IYYf90aCK7I,Hardcore Pawn - Expensive Monkey Hair Coat,https://www.youtube.com/watch?v=IYYf90aCK7I
T49rnGQB5KI,Hardcore Pawn - Old Ethiopian Woman vs Ashley #funny #trutv #hardcorepawn,https://www.youtube.com/watch?v=T49rnGQB5KI
TUGzWBxFaJk,Hardcore Pawn - Guy Breaks Guitar!! #trutv #scene #hardcorepawn Ôøº,https://www.youtube.com/watch?v=TUGzWBxFaJk
iWgwLVN0aHY,Hardcore Pawn - Lady Breathes All Over Ashley #hardcorepawn #trutv #scene,https://www.youtube.com/watch?v=iWgwLVN0aHY
Ge_lAxjqgyg,Hardcore Pawn - Guy wants 400 Dollars for Tv!!! #trutv #scene #hardcorepawn,https://www.youtube.com/watch?v=Ge_lAxjqgyg
dy0h_WlB7nA,Hardcore pawn - Man throws a tantrum and knocks down lamp,https://www.youtube.com/watch?v=dy0h_WlB7nA
cVE7SXb5a-Q,Hardcore Pawn PlayStation Rage,https://www.youtube.com/watch?v=cVE7SXb5a-Q
h070t8qAYKE,Hardcore Pawn - Old Man Threatens Les About His Wife,https://www.youtube.com/watch?v=h070t8qAYKE
LfjclyXJZaA,Hardcore Pawn - Woman is offered a hundred dollars for ring! #hardcorepawn #trutv #funny #blackpink,https://www.youtube.com/watch?v=LfjclyXJZaA
xqLX5BJFzRQ,Hardcore Pawn - Broken Coffee Machine (Byron‚Äôs First Appearance) #funny #trutv #hardcorepawn,https://www.youtube.com/watch?v=xqLX5BJFzRQ
lzEmziaBh-E,Hardcore Pawn - Customer Calls The Police on Les!! #trutv #hardcorepawn #funny,https://www.youtube.com/watch?v=lzEmziaBh-E
7zfkSP_M96E,Hardcore Pawn - Dirty Couch Full Scene #trutv #scene #hardcorepawn,https://www.youtube.com/watch?v=7zfkSP_M96E
BnuwZ3iSIW0,Hardcore Pawn - Woman Wants $30 Dollars for a Printer! #trutv #hardcorepawn #funny #blackpink,https://www.youtube.com/watch?v=BnuwZ3iSIW0
-tojODw2cAQ,Hardcore Pawn - Angry Speaker Lady (called one security guard Shrek) #trutv #scene #hardcorepawn,https://www.youtube.com/watch?v=-tojODw2cAQ
6pXKa0kCc3U,Hardcore Pawn Woman Gets Hit By A Car #hardcorepawn #trutv #funny,https://www.youtube.com/watch?v=6pXKa0kCc3U
Yektn5nqIWY,Hardcore Pawn - Psycho Lady Abuses Worker #trutv #funny #hardcorepawn,https://www.youtube.com/watch?v=Yektn5nqIWY
7fWDhLTTZZk,Hardcore Pawn - Hangry Man #hardcorepawn #trutv #funny,https://www.youtube.com/watch?v=7fWDhLTTZZk
A72fReI64_A,Hardcore Pawn - Fake Ticket Lawyer Scene Part 1 #funny #trutv #hardcorepawn,https://www.youtube.com/watch?v=A72fReI64_A
dE8uK2zPnWI,Hardcore Pawn - Guy Tries Selling Alien Transistor #trutv #hardcorepawn,https://www.youtube.com/watch?v=dE8uK2zPnWI
1tl_XE0U5mg,Hardcore Pawn - Crazy Old Lady Goes BerserkÔøº! #trutv #hardcorepawn #funny,https://www.youtube.com/watch?v=1tl_XE0U5mg
Djn1N5u0xjc,Hardcore Pawn - Musical Negotiation Goes Awry,https://www.youtube.com/watch?v=Djn1N5u0xjc
JE751xjVBCU,Hardcore Pawn - Woman Gets Angry About Scratched Computer #trutv #scene #hardcorepawn,https://www.youtube.com/watch?v=JE751xjVBCU
n7STzX2Iix8,Hardcore Pawn - Ashley Hates Furries #hardcorepawn #trutv #scene,https://www.youtube.com/watch?v=n7STzX2Iix8
8nnkdZtHYCw,Hardcore Pawn - Drunk Guy Tries To Sell Gold Ring #funny #trutv #hardcorepawn #comedy,https://www.youtube.com/watch?v=8nnkdZtHYCw
ItRXjRdk5_g,Hardcore Pawn - Angry Old Lady Talking On The Phone #hardcorepawn #trutv #scene,https://www.youtube.com/watch?v=ItRXjRdk5_g
yXweXs7POSU,Hardcore Pawn - Ashley‚Äôs Monster Deals Gorilla ü¶ç #trutv #hardcorepawn #scene,https://www.youtube.com/watch?v=yXweXs7POSU
CS9NLx2cC_k,Hardcore Pawn - Kitchen Appliance Meltdown,https://www.youtube.com/watch?v=CS9NLx2cC_k
fo0YY4IJcSs,Hardcore Pawn - Crazy Woman Yells at Ashley and Wants Big Jewelry!! #trutv #scene #hardcorepawn,https://www.youtube.com/watch?v=fo0YY4IJcSs
jDva4DcZFZc,Hardcore Pawn - Lady Tries Pawning Video Games to Get Her Man Out of Jail. #hardcorepawn #trutv,https://www.youtube.com/watch?v=jDva4DcZFZc
bZnI-86EYxY,"Hardcore Pawn ""I wear a damn small""",https://www.youtube.com/watch?v=bZnI-86EYxY
6wTh4SYWY3I,Hardcore Pawn: Short Staffed - Dog Scene #trutv #hardcorepawn #scene,https://www.youtube.com/watch?v=6wTh4SYWY3I
NCXaofoFOEs,Hardcore Pawn - Lady Goes Crazy Over Low Price Offer,https://www.youtube.com/watch?v=NCXaofoFOEs
Wk0auOwKduc,Hardcore Pawn - Man tries to sell flashy rimes,https://www.youtube.com/watch?v=Wk0auOwKduc
qRDXFdBhChI,Hardcore Pawn - Angry Woman Lashes at Ashley! #trutv #hardcorepawn #realitytv,https://www.youtube.com/watch?v=qRDXFdBhChI
WRlSmmRibag,Hardcore Pawn - Clean Up My Laptop!! #trutv #hardcorepawn #funny,https://www.youtube.com/watch?v=WRlSmmRibag
2z3c5_d8nY0,Hardcore Pawn - Three Angry Women Scene #trutv #scene #hardcorepawn,https://www.youtube.com/watch?v=2z3c5_d8nY0
w2p-xjsyvjc,Hardcore Pawn - Woman tries to sell Doll Dummies!,https://www.youtube.com/watch?v=w2p-xjsyvjc
Z7w7BHeOSBY,Hardcore Pawn - Crazy Woman Pees Outside Store,https://www.youtube.com/watch?v=Z7w7BHeOSBY
DGXn4u4nZ7k,Hardcore Pawn - Girlfriend Abuses Boyfriend. #trutv #hardcorepawn #funny,https://www.youtube.com/watch?v=DGXn4u4nZ7k
L-zCdxzDk9A,6 Days Remain until the Season Premiere of HARDCORE PAWN on truTV,https://www.youtube.com/watch?v=L-zCdxzDk9A
nDUT7k1KjTE,8 Days Remain until the Season Premiere of Hardcore Pawn on truTV!,https://www.youtube.com/watch?v=nDUT7k1KjTE
9WNdvJC2pbc,Hardcore Pawn - Car Fire!!! #trutv #realitytv #hardcorepawn #funny,https://www.youtube.com/watch?v=9WNdvJC2pbc
DZkTyA0cl_U,Hardcore Pawn - To Catch A Thief - Security Guard Joe Caught on Camera! #trutv #hardcorepawn #scene,https://www.youtube.com/watch?v=DZkTyA0cl_U
D5sRDtGm7GQ,Hardcore Pawn - Oh Yes He Did - Seth get caught trying to sell his father‚Äôs shop.,https://www.youtube.com/watch?v=D5sRDtGm7GQ
rz9dOaIh0Dw,Hardcore Pawn - Short on Staff Intro #hardcorepawn #trutv #scene,https://www.youtube.com/watch?v=rz9dOaIh0Dw
7i0Mttgnn8A,Hardcore Pawn-Woman insults Les about his religion,https://www.youtube.com/watch?v=7i0Mttgnn8A
3cY-TYCo0MI,Hardcore Pawn - Old Lady Attacks Seth #trutv #hardcorepawn #funny,https://www.youtube.com/watch?v=3cY-TYCo0MI
b4BI0WK4Wp8,Hardcore Pawn - Woman Needs To Use Restroom and The Store Won‚Äôt Allow It #trutv #hardcorepawn,https://www.youtube.com/watch?v=b4BI0WK4Wp8
HVYTKVKWexg,Why Hardcore Pawn Fell Off,https://www.youtube.com/watch?v=HVYTKVKWexg
thk5ODwhh98,Hardcore Pawn - Ashley and Seth Morning Fight,https://www.youtube.com/watch?v=thk5ODwhh98
xO0PzUQ-33s,9 days left until the Season Premiere of Hardcore Pawn on truTV!,https://www.youtube.com/watch?v=xO0PzUQ-33s
YkLMfktXukU,Hardcore Pawn Fur Coat Scene,https://www.youtube.com/watch?v=YkLMfktXukU
FQODzCpcT2o,Hardcore Pawn - Woman Leaves Husband! #trutv #hardcorepawn #tyto,https://www.youtube.com/watch?v=FQODzCpcT2o
mJePBlm4SOw,Hardcore Pawn - Guy Gets Carried Out! #trutv #hardcorepawn #tyto,https://www.youtube.com/watch?v=mJePBlm4SOw
hUl8CQpx2mU,Hardcore Pawn - Two Teenage Scammers Trying to Get Laptops,https://www.youtube.com/watch?v=hUl8CQpx2mU
UCmb86YrsCCGeZa4wU59YqGA,Hardcore Pawn,https://www.youtube.com/watch?v=UCmb86YrsCCGeZa4wU59YqGA
dqIvEvpZCLs,Hardcore Pawn - Fake Ticket Lawyer Scene Part 2 #funny #trutv #hardcorepawn,https://www.youtube.com/watch?v=dqIvEvpZCLs
SSrpAI1bUfw,10 Beloved Hardcore Pawn Members Who Tragically Passed Away 2025,https://www.youtube.com/watch?v=SSrpAI1bUfw
CJ7XaJwqW_A,The Deals on the Bus,https://www.youtube.com/watch?v=CJ7XaJwqW_A
JjKi7NDyxlo,Hardcore Pawn - Woman Tried to Smack Les! #trutv #hardcorepawn #scene,https://www.youtube.com/watch?v=JjKi7NDyxlo
nY6LCmTstfE,Hardcore Pawn - Woman Calls Ashley Pepperoni!! #trutv #funny #hardcorepawn,https://www.youtube.com/watch?v=nY6LCmTstfE
pstxzNtuZUs,"The Kalamazoo Wings ""Let's Make a Deal"" with truTV's Hardcore Pawn",https://www.youtube.com/watch?v=pstxzNtuZUs
i794pTFLBzY,Hardcore Pawn - Seth Gets In Ashley‚Äôs Face!! #trutv #hardcorepawn #funny,https://www.youtube.com/watch?v=i794pTFLBzY
t5fcG6zi6m8,Hardcore Pawn - Dog Eat Dog,https://www.youtube.com/watch?v=t5fcG6zi6m8
80FqA-fAoCU,"""Hardcore Pawn"" Big Drunk Women Harass Seth ""Bitch Please!""",https://www.youtube.com/watch?v=80FqA-fAoCU
kbgZk2EIm1o,Hardcore Pawn - ***hole dad,https://www.youtube.com/watch?v=kbgZk2EIm1o
j0SN8qlHNI8,Why Hardcore Pawn Failed Terribly,https://www.youtube.com/watch?v=j0SN8qlHNI8
_VhnuJA_xZU,TOMORROW is the Season Premiere of Hardcore Pawn on truTV!,https://www.youtube.com/watch?v=_VhnuJA_xZU
x4l5BaMCOt4,Hardcore Pawn - Secret Shopper Revealed,https://www.youtube.com/watch?v=x4l5BaMCOt4
tW7sJM25iwc,Hardcore Pawn - Angry Rednecks Storm Out,https://www.youtube.com/watch?v=tW7sJM25iwc
8OlC4Cg1I0Y,"Hardcore Pawn | Lady comes in looking for a ""massage chair""",https://www.youtube.com/watch?v=8OlC4Cg1I0Y
La2gMexK20k,Hardcore Pawn - The Missing Chain Part 1,https://www.youtube.com/watch?v=La2gMexK20k
4wbPgJlDMYM,Hardcore Pawn - I need 150!! #trutv #hardcorepawn #funny,https://www.youtube.com/watch?v=4wbPgJlDMYM
Qae65rNRlGE,Hardcore Pawn - Christina fights with an employee!!! #trutv #hardcorepawn #scene,https://www.youtube.com/watch?v=Qae65rNRlGE
vR1a6yKwqUU,Hardcore Pawn - Family Feud Ruins Baseball Pawn,https://www.youtube.com/watch?v=vR1a6yKwqUU
jWDTLZDCUAk,Hardcore Pawn S05E13 (Full) - TruTV,https://www.youtube.com/watch?v=jWDTLZDCUAk
x-Wz5lhRtPc,"""Hardcore Pawn"" Big Angry Woman Swings at Ashley, Hits Her",https://www.youtube.com/watch?v=x-Wz5lhRtPc
M3y5WuCOCJY,Hardcore Pawn - Couple Fight #trutv #hardcorepawn #funny,https://www.youtube.com/watch?v=M3y5WuCOCJY
uNFulOLULC0,Hardcore Pawn - Ashley Fires New Hire,https://www.youtube.com/watch?v=uNFulOLULC0
umLei9vHN2Q,10 Beloved Hardcore Pawn Stars Who Tragically Passed Away,https://www.youtube.com/watch?v=umLei9vHN2Q
mBw781zwLho,Hardcore Pawn Ashley Returns After Quitting #hardcorepawn #trutv #funny,https://www.youtube.com/watch?v=mBw781zwLho
xvrzUX97M6o,Only 5 Days Remain until the Season Premiere of Hardcore Pawn on truTV!,https://www.youtube.com/watch?v=xvrzUX97M6o
92_h6S7wLP8,Hardcore Pawn - Hired and Fired,https://www.youtube.com/watch?v=92_h6S7wLP8
OdeBMG6k8TI,Hardcore Pawn - Earring Error,https://www.youtube.com/watch?v=OdeBMG6k8TI
2XI0cJrWHqo,Hardcore Pawn - Guy Cuts In Line!! #trutv #scene #hardcorepawn,https://www.youtube.com/watch?v=2XI0cJrWHqo
YtywgQZ6JLk,Hardcore Pawn - Cabbage Patch Doll Looks Exactly Like Owner,https://www.youtube.com/watch?v=YtywgQZ6JLk
kPIbdfPEk_o,Hardcore Pawn - Double Dealing For A Popular Painting,https://www.youtube.com/watch?v=kPIbdfPEk_o
P25AY5NA-bM,Hardcore Pawn - Catching a Thief,https://www.youtube.com/watch?v=P25AY5NA-bM
89Yi_kbt5X4,Hardcore Pawn - Ashley Quits!! #trutv #hardcorepawn #funny,https://www.youtube.com/watch?v=89Yi_kbt5X4
K0CyDqCCKrU,Hardcore Pawn - Air Gun Not Working! #trutv #funny #hardcorepawn,https://www.youtube.com/watch?v=K0CyDqCCKrU
jHgNKiojioQ,HardCore Pawn - What's In The Bag?,https://www.youtube.com/watch?v=jHgNKiojioQ
nBoG8Fz5LUk,Hardcore Pawn - Guy Tries To Make Seth Buy A Digital Camera & Fake CDs,https://www.youtube.com/watch?v=nBoG8Fz5LUk
Ipn_x29TReY,Hardcore Pawn - Man Watches Movies In The Store (NEW EDITION),https://www.youtube.com/watch?v=Ipn_x29TReY
3ZV0OTpniFc,Hardcore Pawn #2 angry customers,https://www.youtube.com/watch?v=3ZV0OTpniFc
bkzMqjbdZYQ,Hardcore pawn part 2 banded for life of 3,https://www.youtube.com/watch?v=bkzMqjbdZYQ
gN9r6YhbZ4o,Hardcore Pawn: Seth Working at Bill‚Äôs Pawnshop - ULTIMATE BETRAYAL!,https://www.youtube.com/watch?v=gN9r6YhbZ4o
d9LadwT90c4,Hardcore pawn hillbilly madness,https://www.youtube.com/watch?v=d9LadwT90c4
YoSsFIIdo4U,Hardcore Pawn - Woman Tries Selling Her Ex-boyfriend‚Äôs Video Games #trutv #hardcorepawn #realitytv,https://www.youtube.com/watch?v=YoSsFIIdo4U
lB-7EkkRgkA,Hardcore Pawn - Les vs Dude,https://www.youtube.com/watch?v=lB-7EkkRgkA
3AgeRuJoscI,Hardcore Pawn - Ashley and Seth Fight in Front of Employees #trutv #funny #hardcorepawn,https://www.youtube.com/watch?v=3AgeRuJoscI
aO9WxImmAPM,Hardcore Pawn Was FAKE‚Ä¶ And It RUINED Their Lives üò±,https://www.youtube.com/watch?v=aO9WxImmAPM
Yfts2UiVk44,Hardcore Pawn Ashley Yells At Les And Quits,https://www.youtube.com/watch?v=Yfts2UiVk44
u6e5hwClnlk,Hardcore Pawn Stars & Where They Are Now,https://www.youtube.com/watch?v=u6e5hwClnlk
nvLeZAJ8380,Hardcore pawn is crazzy,https://www.youtube.com/watch?v=nvLeZAJ8380
gDo6s4ppXvg,Hardcore Pawn Funniest Moments Part 6 (1080p HD),https://www.youtube.com/watch?v=gDo6s4ppXvg
tqYqVTs1H_E,Hardcore Pawn - Les Yells at Ashley. Ashley cries! #trutv #hardcorepawn #funny #tvshow,https://www.youtube.com/watch?v=tqYqVTs1H_E
W2OETeSTWm8,Hardcore Pawn #3 What is happening?,https://www.youtube.com/watch?v=W2OETeSTWm8
NZBms-3bP6o,Hardcore Pawn In Fast Motion (A Fast Motion Pingu Reference),https://www.youtube.com/watch?v=NZBms-3bP6o
PVIfNCjlxzI,Hardcore Pawn - Seth Stops A Meltdown,https://www.youtube.com/watch?v=PVIfNCjlxzI
jsFHNvy9m1M,Arret Arret (Hardcore Pawn x Mayim Mayim),https://www.youtube.com/watch?v=jsFHNvy9m1M
lpMKuBfAWjo,Hardcore Pawn‚Äôs Final Day‚Ä¶ The Tragedy They Tried to Hide,https://www.youtube.com/watch?v=lpMKuBfAWjo
PnIwmD_s2QI,Hardcore Pawn   Tru TV   PRANK CALL America jewlerey and Loan,https://www.youtube.com/watch?v=PnIwmD_s2QI
BVpCBN3KQZM,Hardcore Pawn - Angry Mom Brings Her Little Son #hardcorepawn #trutv #realitytv,https://www.youtube.com/watch?v=BVpCBN3KQZM
gTEktpkzTMk,Hardcore Pawn - Antique Necklace Stirs Up Drama,https://www.youtube.com/watch?v=gTEktpkzTMk
OuJUNJgMee8,"Seth Gold From TruTV, Hardcore Pawn at A Pawn USA in Clermont | Promo Video",https://www.youtube.com/watch?v=OuJUNJgMee8
BpX12ODCOIg,Hardcore Pawn: Strike Out - Seth and Ashley Fight,https://www.youtube.com/watch?v=BpX12ODCOIg
d0BVjjojuWw,Hardcore Pawn - Les yells at his security team season one episode one. #trutv #hardcorepawn #scene,https://www.youtube.com/watch?v=d0BVjjojuWw
pi-q5qG_ero,Hardcore Pawn - Man Threatens Seth,https://www.youtube.com/watch?v=pi-q5qG_ero
jTJ4N6HsU4o,Hardcore pawn pinky Pete,https://www.youtube.com/watch?v=jTJ4N6HsU4o
_ViOyJrZGCI,Hardcore Pawn - Seth and Ashley Whines to Les about Management #trutv #hardcorepawn #funny,https://www.youtube.com/watch?v=_ViOyJrZGCI
wned9f7oD60,Hardcore Pawn - To Catch A Thief - Camera‚Äôs Down (SUSPICIOUS!) #hardcorepawn #scene #trutv,https://www.youtube.com/watch?v=wned9f7oD60
KBsfCoK5rMc,Hardcore Pawn - Raging Woman with Skeleton Spine Jacket,https://www.youtube.com/watch?v=KBsfCoK5rMc
TQmceTE6SQU,Hardcore Pawn Funniest Moments Part 7 (1080p HD),https://www.youtube.com/watch?v=TQmceTE6SQU
68cBoWC1OC8,The SHOCKING Truth Behind Hardcore Pawn‚Äôs Most VIOLENT Moments,https://www.youtube.com/watch?v=68cBoWC1OC8
xTaz9pFtIuA,Hardcore Pawn - Les Snaps At Seth and Ashley! #trutv #hardcorepawn,https://www.youtube.com/watch?v=xTaz9pFtIuA
aM9mkO_G2bA,Hardcore Pawn Best Meltdowns!,https://www.youtube.com/watch?v=aM9mkO_G2bA
NRkt6dACLPg,"Trash or Treasure With the Stars of ""Hardcore Pawn"" on The Queen Latifah Show",https://www.youtube.com/watch?v=NRkt6dACLPg
yoFG6Q5TYXc,"""Hardcore Pawn"" Stars Visit The Couch",https://www.youtube.com/watch?v=yoFG6Q5TYXc
r16RvPYg4oI,Hardcore Pawn - Woman Threatens To Sue Les For Selling Her Laptop,https://www.youtube.com/watch?v=r16RvPYg4oI
wZdjC4zLGs8,Hardcore Pawn - Seth Returns After Short Staffed #trutv #hardcorepawn #scene,https://www.youtube.com/watch?v=wZdjC4zLGs8
dl0WtMlZDLI,The SHOCKING Hardcore Pawn Fights That Went TOO FAR,https://www.youtube.com/watch?v=dl0WtMlZDLI
_IOInZcj3Yo,Hardcore Pawn - Les Goes Down - Alternate Ending - Ashley Gets Fired!!,https://www.youtube.com/watch?v=_IOInZcj3Yo
sVFAh9VvIgY,Hardcore Pawn - Ashley‚Äôs Aftermath - Ashley Returns - Cusses at Seth,https://www.youtube.com/watch?v=sVFAh9VvIgY
zIulobI60gc,Hardcore Pawn - Ashley‚Äôs Aftermath - Seth and Les Fight.,https://www.youtube.com/watch?v=zIulobI60gc
zPSS5YCLSXM,Hardcore Pawn - Les is Angry at Seth for his betrayal,https://www.youtube.com/watch?v=zPSS5YCLSXM
E7nZp9lyfs4,Hardcore Pawn - Christina‚Äôs Fired - Part 1,https://www.youtube.com/watch?v=E7nZp9lyfs4
koLi-HOlUrk,Hardcore Pawn - Ashley‚Äôs Aftermath - Les puts Seth in his place,https://www.youtube.com/watch?v=koLi-HOlUrk
AbFvKd3CxUY,Times Seth Get's ATTACKED On Hardcore Pawn,https://www.youtube.com/watch?v=AbFvKd3CxUY
HnsB-5lKucI,Hardcore Pawn - Health Scare at the Pawn Shop,https://www.youtube.com/watch?v=HnsB-5lKucI
